{"credit":"Create by Phanisment","texture_size":[24,24],"textures":{"0":"_internal:item/fire_sword","1":"_internal:item/fire_0_a","2":"_internal:item/fire_1_a","particle":"_internal:item/fire_sword"},"elements":[{"from":[7.75,-6,7.5],"to":[8.75,0,8.5],"faces":{"north":{"uv":[3.5,7,3,10],"texture":"#0"},"east":{"uv":[8,0,7.5,3],"texture":"#0"},"south":{"uv":[0.5,7.5,0,10.5],"texture":"#0"},"west":{"uv":[4.5,7,4,10],"texture":"#0"},"down":{"uv":[9,4.5,9.5,5],"texture":"#0"}}},{"from":[7.5,-9,8],"to":[9,-6,8],"faces":{"north":{"uv":[9.25,5.5,8.5,7],"texture":"#0"},"south":{"uv":[9.25,7.5,8.5,9],"texture":"#0"}}},{"from":[7.7,-2.05,7.45],"to":[8.8,-1.45,8.55],"faces":{"north":{"uv":[12.5,2.5,12,2.75],"texture":"#0"},"east":{"uv":[12.5,6,12,6.25],"texture":"#0"},"south":{"uv":[4.5,12,4,12.25],"texture":"#0"},"west":{"uv":[12.5,3.5,12,3.75],"texture":"#0"}}},{"from":[7.7,-5.05,7.45],"to":[8.8,-4.45,8.55],"faces":{"north":{"uv":[12.5,7,12,7.25],"texture":"#0"},"east":{"uv":[1.5,12.5,1,12.75],"texture":"#0"},"south":{"uv":[0.5,12.5,0,12.75],"texture":"#0"},"west":{"uv":[8,12,7.5,12.25],"texture":"#0"}}},{"from":[7.25,1.5,7.25],"to":[8.75,3,8.75],"rotation":{"angle":-45,"axis":"z","origin":[8,2.25,8]},"faces":{"north":{"uv":[10.75,8,10,8.75],"texture":"#0"},"east":{"uv":[11.25,1.5,10.5,2.25],"texture":"#0"},"south":{"uv":[11.25,0,10.5,0.75],"texture":"#0"},"west":{"uv":[10.75,9.5,10,10.25],"texture":"#0"},"up":{"uv":[2.5,11.25,3.25,10.5],"texture":"#0"},"down":{"uv":[10.5,3,11.25,3.75],"texture":"#0"}}},{"from":[8.85,3.1,8.85],"to":[7.15,1.4,7.15],"rotation":{"angle":-45,"axis":"z","origin":[8,2.25,8]},"faces":{"north":{"uv":[4.75,10.5,4,11.25],"texture":"#0"},"east":{"uv":[10.75,11,10,11.75],"texture":"#0"},"south":{"uv":[9.25,11,8.5,11.75],"texture":"#0"},"west":{"uv":[0.75,11,0,11.75],"texture":"#0"},"up":{"uv":[11.5,5.25,12.25,4.5],"texture":"#0"},"down":{"uv":[11.5,8,12.25,8.75],"texture":"#0"}}},{"from":[7,-0.5,7.25],"to":[10,0.5,8.75],"rotation":{"angle":22.5,"axis":"z","origin":[8.5,0,8]},"faces":{"north":{"uv":[11.5,6,10,6.5],"texture":"#0"},"east":{"uv":[12.25,10.5,11.5,11],"texture":"#0"},"south":{"uv":[11.5,7,10,7.5],"texture":"#0"},"west":{"uv":[12.25,9.5,11.5,10],"texture":"#0"},"up":{"uv":[8.5,0.75,10,0],"texture":"#0"},"down":{"uv":[8.5,1.5,10,2.25],"texture":"#0"}}},{"from":[5.30552,-1.03596,8],"to":[7.30552,0.96404,8],"faces":{"north":{"uv":[10,3,9,4],"texture":"#0"},"south":{"uv":[2,9.5,1,10.5],"texture":"#0"}}},{"from":[8.07716,0.11209,8],"to":[10.07716,3.11209,8],"rotation":{"angle":-22.5,"axis":"z","origin":[10.07716,0.11209,8]},"faces":{"north":{"uv":[2,7.5,1,9],"texture":"#0"},"south":{"uv":[8.5,3.5,7.5,5],"texture":"#0"}}},{"from":[7,4,7.75],"to":[9,18,8.25],"faces":{"north":{"uv":[1,0,0,7],"texture":"#0"},"east":{"uv":[6.75,5,6.5,12],"texture":"#0"},"south":{"uv":[2.5,0,1.5,7],"texture":"#0"},"west":{"uv":[5.75,5,5.5,12],"texture":"#0"},"down":{"uv":[11.5,11.5,12.5,11.75],"texture":"#0"}}},{"from":[8,4,8],"to":[9,6,8],"rotation":{"angle":22.5,"axis":"z","origin":[9,6,8]},"faces":{"north":{"uv":[2,11,1.5,12],"texture":"#0"}}},{"from":[6.5,6,8],"to":[7,18,8],"faces":{"north":{"uv":[7.75,5.5,7.5,11.5],"texture":"#0"},"south":{"uv":[7.75,5.5,7.5,11.5],"texture":"#0"}}},{"from":[6.5,18,8],"to":[10,23.5,8],"rotation":{"angle":-45,"axis":"z","origin":[6.5,18,8]},"faces":{"north":{"uv":[4.75,0,3,2.75],"texture":"#0"},"south":{"uv":[4.75,3.5,3,6.25],"texture":"#0"}}},{"from":[7,3,8],"to":[9.5,7,8],"rotation":{"angle":-45,"axis":"z","origin":[7,7,8]},"faces":{"north":{"uv":[6.75,0,5.5,2],"texture":"#0"},"south":{"uv":[6.75,2.5,5.5,4.5],"texture":"#0"}}},{"from":[7.0001,16.0001,7.7501],"to":[8.9999,17.9999,8.2499],"rotation":{"angle":45,"axis":"z","origin":[7,18,8]},"faces":{"north":{"uv":[9.5,9.5,8.5,10.5],"texture":"#0"},"east":{"uv":[12.25,0,12,1],"texture":"#0"},"south":{"uv":[11,4.5,10,5.5],"texture":"#0"},"up":{"uv":[12,1.75,13,1.5],"texture":"#0"},"down":{"uv":[2.5,12,3.5,12.25],"texture":"#0"}}},{"from":[5,2.25,5],"to":[11,2.25,11],"faces":{"up":{"uv":[0,12,12,0],"texture":"#1"},"down":{"uv":[0,0,12,12],"texture":"#1"}}},{"from":[5,0,8],"to":[17,20,8],"rotation":{"angle":22.5,"axis":"y","origin":[5,7,8]},"faces":{"north":{"uv":[8,0,0,13.33333],"texture":"#2"}}},{"from":[5,0,8],"to":[17,20,8],"rotation":{"angle":-22.5,"axis":"y","origin":[5,7,8]},"faces":{"south":{"uv":[0,0,8,13.33333],"texture":"#2"}}}],"gui_light":"front","display":{"thirdperson_righthand":{"rotation":[0,-90,0],"translation":[0,20.25,1.25],"scale":[2,2,2]},"thirdperson_lefthand":{"rotation":[0,90,0],"translation":[0,20.25,1.25],"scale":[2,2,2]},"firstperson_righthand":{"rotation":[0,-90,0],"translation":[0,20.25,1.25],"scale":[2,2,2]},"firstperson_lefthand":{"rotation":[0,90,0],"translation":[0,20.25,1.25],"scale":[2,2,2]},"ground":{"rotation":[-90,0,0]},"gui":{"rotation":[0,0,-44],"translation":[1,1.5,0],"scale":[0.75,0.75,0.75]}}}